{"cameraMode":{"drawMode":0,"name":"Shaded","section":"Shading Mode"},"sceneLighting":true,"audioPlay":false,"sceneViewState":{"m_AlwaysRefresh":false,"showFog":true,"showSkybox":true,"showFlares":true,"showImageEffects":true,"showParticleSystems":true,"showVisualEffectGraphs":true,"m_FxEnabled":true},"in2DMode":false,"pivot":{"x":2.3229074478149416,"y":3.85644268989563,"z":-12.031877517700196},"rotation":{"x":-0.01830478385090828,"y":-0.020398683845996858,"z":0.0003719156375154853,"w":-0.9996294379234314},"size":0.8660253882408142,"orthographic":false}