{"cameraMode":{"drawMode":0,"name":"Shaded","section":"Shading Mode"},"sceneLighting":false,"audioPlay":false,"sceneViewState":{"m_AlwaysRefresh":false,"showFog":true,"showSkybox":false,"showFlares":true,"showImageEffects":true,"showParticleSystems":true,"showVisualEffectGraphs":true,"m_FxEnabled":false},"in2DMode":false,"pivot":{"x":-7.544949054718018,"y":3.123582601547241,"z":21.500038146972658},"rotation":{"x":0.10714562982320786,"y":-0.14948518574237824,"z":0.016564784571528436,"w":0.9829858541488648},"size":2.7946524620056154,"orthographic":false}